INSERT INTO public.users(username,password) VALUES 
('Maeve','123'),
('Luna','123'),
('Aurelia','123'),
('Eloise','123'),
('Isla','123'),
('Ophelia','123'),
('Aurora','123'),
('Eleanor','123'),
('Alice','123'),
('Ava','123'),
('Hazel','123'),
('Charlotte','123'),
('Elodie','123'),
('Iris','123'),
('Freya','123'),
('Amelia','123'),
('Clara','123'),
('Daphne','123'),
('Violet','123'),
('Sadie','123');

INSERT INTO public.reviews(title,username, reviewcontents, stars, user_id) VALUES
('Grapes of Wrath','Maeve','This book was amazing!',5,1),
('Lord of the Flies','Luna','This book was horrible!',1,2),
('How to Invent Everything','Aurelia','This book was cool!',4,3),
('Treasure Island','Eloise','This book was bad!',4,2),
('Catcher in the Rye','Isla','This book was medium-ok!',3,5),
('The Bean Trees','Ophelia','This book was ok!',3,6),
('The Bell Jar','Aurora','This book was iffy!',2,7),
('Animal Farm','Eleanor','This book was terrible!',1,8),
('The American Heritage Dictionary','Alice','This book was the worst!',1,9),
('Travels With Charlie','Ava','This book was the best!',5,10),
('Cannery Row','Charlotte','This book was awesome!',5,11),
('East of Eden','Elodie','This book was awe-some!',5,12),
('To Kill a Mockingbird','Iris','This book was my favorite!',5,13),
('Great Expectations','Freya','This book was really cool!',4,14),
('Robinson Crusoe','Amelia','This book was really bad!',1,15),
('One Hundred Years of Solitude','Clara','This book was offending!',1,16),
('Invitation to a Beheading','Daphne','This book was bad !',2,17);

INSERT INTO public.books(isbn,name) VALUES
(1,'fakebook1'),
(2,'fakebook2'),
(3,'fakebook3'),
(4,'fakebook4'),
(5,'fakebook5'),
(6,'fakebook6'),
(7,'fakebook7'),
(8,'fakebook8'),
(9,'fakebook9'),
(10,'fakebook10'),
(11,'fakebook11'),
(12,'fakebook12'),
(13,'fakebook13'),
(14,'fakebook14'),
(15,'fakebook15'),
(16,'fakebook16'),
(17,'fakebook17'),
(18,'fakebook18'),
(19,'fakebook19'),
(20,'fakebook20');