INSERT INTO public.users(username,password) VALUES 
('Maeve','123'),
('Luna','123'),
('Aurelia','123'),
('Eloise','123'),
('Isla','123'),
('Ophelia','123'),
('Aurora','123'),
('Eleanor','123'),
('Alice','123'),
('Ava','123'),
('Hazel','123'),
('Charlotte','123'),
('Elodie','123'),
('Iris','123'),
('Freya','123'),
('Amelia','123'),
('Clara','123'),
('Daphne','123'),
('Violet','123'),
('Bella', '123'),
('Thomas', '123'),
('Jared','123'),
('Octavio','123'),
('Leon','123'),
('Micah','123'),
('Josh','123'),
('Pete','123'),
('Casey','123'),
('Oliver','123'),
('Jackson','123'),
('Egor','123'),
('David','123'),
('Sadie','123');

INSERT INTO public.reviews(title,username, reviewcontents, stars, user_id) VALUES
('Grapes of Wrath','Maeve','This book was amazing!',5,1),
('Lord of the Flies','Luna','This book was horrible!',1,2),
('How to Invent Everything','Aurelia','This book was cool!',4,3),
('Treasure Island','Eloise','This book was bad!',4,2),
('Catcher in the Rye','Isla','This book was medium-ok!',3,5),
('The Bean Trees','Ophelia','This book was ok!',3,6),
('The Bell Jar','Aurora','This book was iffy!',2,7),
('Animal Farm','Eleanor','This book was terrible!',1,8),
('The American Heritage Dictionary','Alice','This book was the worst!',1,9),
('Travels With Charlie','Ava','This book was the best!',5,10),
('Cannery Row','Charlotte','This book was awesome!',5,11),
('East of Eden','Elodie','This book was awe-some!',5,12),
('To Kill a Mockingbird','Iris','This book was my favorite!',5,13),
('Great Expectations','Freya','This book was really cool!',4,14),
('Robinson Crusoe','Amelia','This book was really bad!',1,15),
('One Hundred Years of Solitude','Clara','This book was offending!',1,16),
('Invitation to a Beheading','Daphne','This book was bad !',2,17);

INSERT INTO public.books(isbn,name) VALUES
(1,'Acid for the Children'),
(2,'Once Upon a Time in Hollywood'),
(3,'The Storyteller'),
(4,'Watchmen'),
(5,'Harry Potter and the Sorcerers Stone'),
(6,'Braiding Sweetgrass'),
(7,'Blink'),
(8,'Truly Madly Guilty'),
(9,'1984'),
(10,'Fahrenheit 451'),
(11,'First'),
(12,'Lord of the Flies'),
(13,'Animal Farm'),
(14,'How to Win and Influence People'),
(15,'What the Dog Saw'),
(16,'Outliers'),
(17,'Heartbeat of Trees'),
(18,'The Prince'),
(19,'The Little Prince'),
(20,'War and Peace'),
(21,'Jane Eyre'),
(22,'Little Women'),
(23,'It Ends With Us'),
(24,'Becoming Me'),
(25,'Hunger Games'),
(26,'Mockingjay'),
(27,'Divergent'),
(28,'Allegiant'),
(29,'Insurgent'),
(30,'The Cat in the Hat');


INSERT INTO public.user_to_book(user_id, book_ISBN) VALUES
(1,3),
(1,6),
(1,8),
(1,2),
(1,25),
(1,28),
(2,12),
(2,14),
(2,6),
(2,2),
(2,1),
(2,10),
(2,4),
(3,5);
